✅ or ❌,page,initials,date
❌,urn:cite2:hmt:msA.v1:1r,NS,3/24/2022
❌,urn:cite2:hmt:msA.v1:1v,NS,3/24/2022
✅,urn:cite2:hmt:msA.v1:2r,NS,3/24/2022
✅,urn:cite2:hmt:msA.v1:2v,NS,3/24/2022
✅,urn:cite2:hmt:msA.v1:3r,NS,3/24/2022
✅,urn:cite2:hmt:msA.v1:3v,NS,3/24/2022
❌,urn:cite2:hmt:msA.v1:4r,NS,3/24/2022
❌,urn:cite2:hmt:msA.v1:4v,NS,3/24/2022
✅,urn:cite2:hmt:msA.v1:5r,NS,3/24/2022
✅,urn:cite2:hmt:msA.v1:5v,NS,3/24/2022
❌,urn:cite2:hmt:msA.v1:6r,NS,3/24/2022
❌,urn:cite2:hmt:msA.v1:6v,NS,3/24/2022
✅,urn:cite2:hmt:msA.v1:7r,NS,3/24/2022
✅,urn:cite2:hmt:msA.v1:7v,NS,3/24/2022
❌,urn:cite2:hmt:msA.v1:8r,NS,3/24/2022
✅,urn:cite2:hmt:msA.v1:8v,NS,3/24/2022
,urn:cite2:hmt:msA.v1:9r,,
❌,urn:cite2:hmt:msA.v1:9v,NS,3/24/2022
✅,urn:cite2:hmt:msA.v1:10r,NS,3/24/2022
✅,urn:cite2:hmt:msA.v1:10v,NS,3/24/2022
✅,urn:cite2:hmt:msA.v1:11r,NS,3/24/2022
✅,urn:cite2:hmt:msA.v1:11v,,
,urn:cite2:hmt:msA.v1:12r,,
,urn:cite2:hmt:msA.v1:12v,,
,urn:cite2:hmt:msA.v1:13r,,
,urn:cite2:hmt:msA.v1:13v,,
,urn:cite2:hmt:msA.v1:14r,,
,urn:cite2:hmt:msA.v1:14v,,
,urn:cite2:hmt:msA.v1:15r,,
,urn:cite2:hmt:msA.v1:15v,,
,urn:cite2:hmt:msA.v1:16r,,
,urn:cite2:hmt:msA.v1:16v,,
,urn:cite2:hmt:msA.v1:17r,,
,urn:cite2:hmt:msA.v1:17v,,
,urn:cite2:hmt:msA.v1:18r,,
,urn:cite2:hmt:msA.v1:18v,,
,urn:cite2:hmt:msA.v1:19r,,
,urn:cite2:hmt:msA.v1:19v,,
,urn:cite2:hmt:msA.v1:20r,,
,urn:cite2:hmt:msA.v1:20v,,
,urn:cite2:hmt:msA.v1:21r,,
,urn:cite2:hmt:msA.v1:21v,,
,urn:cite2:hmt:msA.v1:22r,,
,urn:cite2:hmt:msA.v1:22v,,
,urn:cite2:hmt:msA.v1:23r,,
,urn:cite2:hmt:msA.v1:23v,,
,urn:cite2:hmt:msA.v1:24r,,
,urn:cite2:hmt:msA.v1:24v,,
,urn:cite2:hmt:msA.v1:25r,,
,urn:cite2:hmt:msA.v1:25v,,
,urn:cite2:hmt:msA.v1:26r,,
,urn:cite2:hmt:msA.v1:26v,,
,urn:cite2:hmt:msA.v1:27r,,
,urn:cite2:hmt:msA.v1:27v,,
,urn:cite2:hmt:msA.v1:28r,,
,urn:cite2:hmt:msA.v1:28v,,
,urn:cite2:hmt:msA.v1:29r,,
,urn:cite2:hmt:msA.v1:29v,,
,urn:cite2:hmt:msA.v1:30r,,
,urn:cite2:hmt:msA.v1:30v,,
,urn:cite2:hmt:msA.v1:31r,,
,urn:cite2:hmt:msA.v1:31v,,
,urn:cite2:hmt:msA.v1:32r,,
,urn:cite2:hmt:msA.v1:32v,,
,urn:cite2:hmt:msA.v1:33r,,
,urn:cite2:hmt:msA.v1:33v,,
,urn:cite2:hmt:msA.v1:34r,,
,urn:cite2:hmt:msA.v1:34v,,
,urn:cite2:hmt:msA.v1:35r,,
,urn:cite2:hmt:msA.v1:35v,,
,urn:cite2:hmt:msA.v1:36r,,
,urn:cite2:hmt:msA.v1:36v,,
,urn:cite2:hmt:msA.v1:37r,,
,urn:cite2:hmt:msA.v1:37v,,
,urn:cite2:hmt:msA.v1:38r,,
,urn:cite2:hmt:msA.v1:38v,,
,urn:cite2:hmt:msA.v1:39r,,
,urn:cite2:hmt:msA.v1:39v,,
,urn:cite2:hmt:msA.v1:40r,,
,urn:cite2:hmt:msA.v1:40v,,
,urn:cite2:hmt:msA.v1:41r,,
,urn:cite2:hmt:msA.v1:41v,,
,urn:cite2:hmt:msA.v1:42r,,
,urn:cite2:hmt:msA.v1:42v,,
,urn:cite2:hmt:msA.v1:43r,,
,urn:cite2:hmt:msA.v1:43v,,
,urn:cite2:hmt:msA.v1:44r,,
,urn:cite2:hmt:msA.v1:44v,,
,urn:cite2:hmt:msA.v1:45r,,
,urn:cite2:hmt:msA.v1:45v,,
,urn:cite2:hmt:msA.v1:46r,,
,urn:cite2:hmt:msA.v1:46v,,
,urn:cite2:hmt:msA.v1:47r,,
,urn:cite2:hmt:msA.v1:47v,,
,urn:cite2:hmt:msA.v1:48r,,
,urn:cite2:hmt:msA.v1:48v,,
,urn:cite2:hmt:msA.v1:49r,,
,urn:cite2:hmt:msA.v1:49v,,
,urn:cite2:hmt:msA.v1:50r,,
,urn:cite2:hmt:msA.v1:50v,,
,urn:cite2:hmt:msA.v1:51r,,
,urn:cite2:hmt:msA.v1:51v,,
,urn:cite2:hmt:msA.v1:52r,,
,urn:cite2:hmt:msA.v1:52v,,
,urn:cite2:hmt:msA.v1:53r,,
,urn:cite2:hmt:msA.v1:53v,,
,urn:cite2:hmt:msA.v1:54r,,
,urn:cite2:hmt:msA.v1:54v,,
,urn:cite2:hmt:msA.v1:55r,,
,urn:cite2:hmt:msA.v1:55v,,
,urn:cite2:hmt:msA.v1:56r,,
,urn:cite2:hmt:msA.v1:56v,,
,urn:cite2:hmt:msA.v1:57r,,
,urn:cite2:hmt:msA.v1:57v,,
,urn:cite2:hmt:msA.v1:58r,,
,urn:cite2:hmt:msA.v1:58v,,
,urn:cite2:hmt:msA.v1:59r,,
,urn:cite2:hmt:msA.v1:59v,,
,urn:cite2:hmt:msA.v1:60r,,
,urn:cite2:hmt:msA.v1:60v,,
,urn:cite2:hmt:msA.v1:61r,,
,urn:cite2:hmt:msA.v1:61v,,
,urn:cite2:hmt:msA.v1:62r,,
,urn:cite2:hmt:msA.v1:62v,,
,urn:cite2:hmt:msA.v1:63r,,
,urn:cite2:hmt:msA.v1:63v,,
,urn:cite2:hmt:msA.v1:64r,,
,urn:cite2:hmt:msA.v1:64v,,
,urn:cite2:hmt:msA.v1:65r,,
,urn:cite2:hmt:msA.v1:65v,,
,urn:cite2:hmt:msA.v1:66r,,
,urn:cite2:hmt:msA.v1:66v,,
,urn:cite2:hmt:msA.v1:67r,,
,urn:cite2:hmt:msA.v1:67v,,
,urn:cite2:hmt:msA.v1:68r,,
,urn:cite2:hmt:msA.v1:68v,,
,urn:cite2:hmt:msA.v1:69r,,
,urn:cite2:hmt:msA.v1:69v,,
,urn:cite2:hmt:msA.v1:70r,,
,urn:cite2:hmt:msA.v1:70v,,
,urn:cite2:hmt:msA.v1:71r,,
,urn:cite2:hmt:msA.v1:71v,,
,urn:cite2:hmt:msA.v1:72r,,
,urn:cite2:hmt:msA.v1:72v,,
,urn:cite2:hmt:msA.v1:73r,,
,urn:cite2:hmt:msA.v1:73v,,
,urn:cite2:hmt:msA.v1:74r,,
,urn:cite2:hmt:msA.v1:74v,,
,urn:cite2:hmt:msA.v1:75r,,
,urn:cite2:hmt:msA.v1:75v,,
,urn:cite2:hmt:msA.v1:76r,,
,urn:cite2:hmt:msA.v1:76v,,
,urn:cite2:hmt:msA.v1:77r,,
,urn:cite2:hmt:msA.v1:77v,,
,urn:cite2:hmt:msA.v1:78r,,
,urn:cite2:hmt:msA.v1:78v,,
,urn:cite2:hmt:msA.v1:79r,,
,urn:cite2:hmt:msA.v1:79v,,
,urn:cite2:hmt:msA.v1:80r,,
,urn:cite2:hmt:msA.v1:80v,,
,urn:cite2:hmt:msA.v1:81r,,
,urn:cite2:hmt:msA.v1:81v,,
,urn:cite2:hmt:msA.v1:82r,,
,urn:cite2:hmt:msA.v1:82v,,
,urn:cite2:hmt:msA.v1:83r,,
,urn:cite2:hmt:msA.v1:83v,,
,urn:cite2:hmt:msA.v1:84r,,
,urn:cite2:hmt:msA.v1:84v,,
,urn:cite2:hmt:msA.v1:85r,,
,urn:cite2:hmt:msA.v1:85v,,
,urn:cite2:hmt:msA.v1:86r,,
,urn:cite2:hmt:msA.v1:86v,,
,urn:cite2:hmt:msA.v1:87r,,
,urn:cite2:hmt:msA.v1:87v,,
,urn:cite2:hmt:msA.v1:88r,,
,urn:cite2:hmt:msA.v1:88v,,
,urn:cite2:hmt:msA.v1:89r,,
,urn:cite2:hmt:msA.v1:89v,,
,urn:cite2:hmt:msA.v1:90r,,
,urn:cite2:hmt:msA.v1:90v,,
,urn:cite2:hmt:msA.v1:91r,,
,urn:cite2:hmt:msA.v1:91v,,
,urn:cite2:hmt:msA.v1:92r,,
,urn:cite2:hmt:msA.v1:92v,,
,urn:cite2:hmt:msA.v1:93r,,
,urn:cite2:hmt:msA.v1:93v,,
,urn:cite2:hmt:msA.v1:94r,,
,urn:cite2:hmt:msA.v1:94v,,
,urn:cite2:hmt:msA.v1:95r,,
,urn:cite2:hmt:msA.v1:95v,,
,urn:cite2:hmt:msA.v1:96r,,
,urn:cite2:hmt:msA.v1:96v,,
,urn:cite2:hmt:msA.v1:97r,,
,urn:cite2:hmt:msA.v1:97v,,
,urn:cite2:hmt:msA.v1:98r,,
,urn:cite2:hmt:msA.v1:98v,,
,urn:cite2:hmt:msA.v1:99r,,
,urn:cite2:hmt:msA.v1:99v,,
,urn:cite2:hmt:msA.v1:100r,,
,urn:cite2:hmt:msA.v1:100v,,
,urn:cite2:hmt:msA.v1:101r,,
,urn:cite2:hmt:msA.v1:101v,,
,urn:cite2:hmt:msA.v1:102r,,
,urn:cite2:hmt:msA.v1:102v,,
,urn:cite2:hmt:msA.v1:103r,,
,urn:cite2:hmt:msA.v1:103v,,
,urn:cite2:hmt:msA.v1:104r,,
,urn:cite2:hmt:msA.v1:104v,,
,urn:cite2:hmt:msA.v1:105r,,
,urn:cite2:hmt:msA.v1:105v,,
,urn:cite2:hmt:msA.v1:106r,,
,urn:cite2:hmt:msA.v1:106v,,
,urn:cite2:hmt:msA.v1:107r,,
,urn:cite2:hmt:msA.v1:107v,,
,urn:cite2:hmt:msA.v1:108r,,
,urn:cite2:hmt:msA.v1:108v,,
,urn:cite2:hmt:msA.v1:109r,,
,urn:cite2:hmt:msA.v1:109v,,
,urn:cite2:hmt:msA.v1:110r,,
,urn:cite2:hmt:msA.v1:110v,,
,urn:cite2:hmt:msA.v1:111r,,
,urn:cite2:hmt:msA.v1:111v,,
,urn:cite2:hmt:msA.v1:112r,,
,urn:cite2:hmt:msA.v1:112v,,
,urn:cite2:hmt:msA.v1:113r,,
,urn:cite2:hmt:msA.v1:113v,,
,urn:cite2:hmt:msA.v1:114r,,
,urn:cite2:hmt:msA.v1:114v,,
,urn:cite2:hmt:msA.v1:115r,,
,urn:cite2:hmt:msA.v1:115v,,
,urn:cite2:hmt:msA.v1:116r,,
,urn:cite2:hmt:msA.v1:116v,,
,urn:cite2:hmt:msA.v1:117r,,
,urn:cite2:hmt:msA.v1:117v,,
,urn:cite2:hmt:msA.v1:118r,,
,urn:cite2:hmt:msA.v1:118v,,
,urn:cite2:hmt:msA.v1:119r,,
,urn:cite2:hmt:msA.v1:119v,,
,urn:cite2:hmt:msA.v1:120r,,
,urn:cite2:hmt:msA.v1:120v,,
,urn:cite2:hmt:msA.v1:121r,,
,urn:cite2:hmt:msA.v1:121v,,
,urn:cite2:hmt:msA.v1:122r,,
,urn:cite2:hmt:msA.v1:122v,,
,urn:cite2:hmt:msA.v1:123r,,
,urn:cite2:hmt:msA.v1:123v,,
,urn:cite2:hmt:msA.v1:124r,,
,urn:cite2:hmt:msA.v1:124v,,
,urn:cite2:hmt:msA.v1:125r,,
,urn:cite2:hmt:msA.v1:125v,,
,urn:cite2:hmt:msA.v1:126r,,
,urn:cite2:hmt:msA.v1:126v,,
,urn:cite2:hmt:msA.v1:127r,,
,urn:cite2:hmt:msA.v1:127v,,
,urn:cite2:hmt:msA.v1:128r,,
,urn:cite2:hmt:msA.v1:128v,,
,urn:cite2:hmt:msA.v1:129r,,
,urn:cite2:hmt:msA.v1:129v,,
,urn:cite2:hmt:msA.v1:130r,,
,urn:cite2:hmt:msA.v1:130v,,
,urn:cite2:hmt:msA.v1:131r,,
,urn:cite2:hmt:msA.v1:131v,,
,urn:cite2:hmt:msA.v1:132r,,
,urn:cite2:hmt:msA.v1:132v,,
,urn:cite2:hmt:msA.v1:133r,,
,urn:cite2:hmt:msA.v1:133v,,
,urn:cite2:hmt:msA.v1:134r,,
,urn:cite2:hmt:msA.v1:134v,,
,urn:cite2:hmt:msA.v1:135r,,
,urn:cite2:hmt:msA.v1:135v,,
,urn:cite2:hmt:msA.v1:136r,,
,urn:cite2:hmt:msA.v1:136v,,
,urn:cite2:hmt:msA.v1:137r,,
,urn:cite2:hmt:msA.v1:137v,,
,urn:cite2:hmt:msA.v1:138r,,
,urn:cite2:hmt:msA.v1:138v,,
,urn:cite2:hmt:msA.v1:139r,,
,urn:cite2:hmt:msA.v1:139v,,
,urn:cite2:hmt:msA.v1:140r,,
,urn:cite2:hmt:msA.v1:140v,,
,urn:cite2:hmt:msA.v1:141r,,
,urn:cite2:hmt:msA.v1:141v,,
,urn:cite2:hmt:msA.v1:142r,,
,urn:cite2:hmt:msA.v1:142v,,
,urn:cite2:hmt:msA.v1:143r,,
,urn:cite2:hmt:msA.v1:143v,,
,urn:cite2:hmt:msA.v1:144r,,
,urn:cite2:hmt:msA.v1:144v,,
,urn:cite2:hmt:msA.v1:145r,,
,urn:cite2:hmt:msA.v1:145v,,
,urn:cite2:hmt:msA.v1:146r,,
,urn:cite2:hmt:msA.v1:146v,,
,urn:cite2:hmt:msA.v1:147r,,
,urn:cite2:hmt:msA.v1:147v,,
,urn:cite2:hmt:msA.v1:148r,,
,urn:cite2:hmt:msA.v1:148v,,
,urn:cite2:hmt:msA.v1:149r,,
,urn:cite2:hmt:msA.v1:149v,,
,urn:cite2:hmt:msA.v1:150r,,
,urn:cite2:hmt:msA.v1:150v,,
,urn:cite2:hmt:msA.v1:151r,,
,urn:cite2:hmt:msA.v1:151v,,
,urn:cite2:hmt:msA.v1:152r,,
,urn:cite2:hmt:msA.v1:152v,,
,urn:cite2:hmt:msA.v1:153r,,
,urn:cite2:hmt:msA.v1:153v,,
,urn:cite2:hmt:msA.v1:154r,,
,urn:cite2:hmt:msA.v1:154v,,
,urn:cite2:hmt:msA.v1:155r,,
,urn:cite2:hmt:msA.v1:155v,,
,urn:cite2:hmt:msA.v1:156r,,
,urn:cite2:hmt:msA.v1:156v,,
,urn:cite2:hmt:msA.v1:157r,,
,urn:cite2:hmt:msA.v1:157v,,
,urn:cite2:hmt:msA.v1:158r,,
,urn:cite2:hmt:msA.v1:158v,,
,urn:cite2:hmt:msA.v1:159r,,
,urn:cite2:hmt:msA.v1:159v,,
,urn:cite2:hmt:msA.v1:160r,,
,urn:cite2:hmt:msA.v1:160v,,
,urn:cite2:hmt:msA.v1:161r,,
,urn:cite2:hmt:msA.v1:161v,,
,urn:cite2:hmt:msA.v1:162r,,
,urn:cite2:hmt:msA.v1:162v,,
,urn:cite2:hmt:msA.v1:163r,,
,urn:cite2:hmt:msA.v1:163v,,
,urn:cite2:hmt:msA.v1:164r,,
,urn:cite2:hmt:msA.v1:164v,,
,urn:cite2:hmt:msA.v1:165r,,
,urn:cite2:hmt:msA.v1:165v,,
,urn:cite2:hmt:msA.v1:166r,,
,urn:cite2:hmt:msA.v1:166v,,
,urn:cite2:hmt:msA.v1:167r,,
,urn:cite2:hmt:msA.v1:167v,,
,urn:cite2:hmt:msA.v1:168r,,
,urn:cite2:hmt:msA.v1:168v,,
,urn:cite2:hmt:msA.v1:169r,,
,urn:cite2:hmt:msA.v1:169v,,
,urn:cite2:hmt:msA.v1:170r,,
,urn:cite2:hmt:msA.v1:170v,,
,urn:cite2:hmt:msA.v1:171r,,
,urn:cite2:hmt:msA.v1:171v,,
,urn:cite2:hmt:msA.v1:172r,,
,urn:cite2:hmt:msA.v1:172v,,
,urn:cite2:hmt:msA.v1:173r,,
,urn:cite2:hmt:msA.v1:173v,,
,urn:cite2:hmt:msA.v1:174r,,
,urn:cite2:hmt:msA.v1:174v,,
,urn:cite2:hmt:msA.v1:175r,,
,urn:cite2:hmt:msA.v1:175v,,
,urn:cite2:hmt:msA.v1:176r,,
,urn:cite2:hmt:msA.v1:176v,,
,urn:cite2:hmt:msA.v1:177r,,
,urn:cite2:hmt:msA.v1:177v,,
,urn:cite2:hmt:msA.v1:178r,,
,urn:cite2:hmt:msA.v1:178v,,
,urn:cite2:hmt:msA.v1:179r,,
,urn:cite2:hmt:msA.v1:179v,,
,urn:cite2:hmt:msA.v1:180r,,
,urn:cite2:hmt:msA.v1:180v,,
,urn:cite2:hmt:msA.v1:181r,,
,urn:cite2:hmt:msA.v1:181v,,
,urn:cite2:hmt:msA.v1:182r,,
,urn:cite2:hmt:msA.v1:182v,,
,urn:cite2:hmt:msA.v1:183r,,
,urn:cite2:hmt:msA.v1:183v,,
,urn:cite2:hmt:msA.v1:184r,,
,urn:cite2:hmt:msA.v1:184v,,
,urn:cite2:hmt:msA.v1:185r,,
,urn:cite2:hmt:msA.v1:185v,,
,urn:cite2:hmt:msA.v1:186r,,
,urn:cite2:hmt:msA.v1:186v,,
,urn:cite2:hmt:msA.v1:187r,,
,urn:cite2:hmt:msA.v1:187v,,
,urn:cite2:hmt:msA.v1:188r,,
,urn:cite2:hmt:msA.v1:188v,,
,urn:cite2:hmt:msA.v1:189r,,
,urn:cite2:hmt:msA.v1:189v,,
,urn:cite2:hmt:msA.v1:190r,,
,urn:cite2:hmt:msA.v1:190v,,
,urn:cite2:hmt:msA.v1:191r,,
,urn:cite2:hmt:msA.v1:191v,,
,urn:cite2:hmt:msA.v1:192r,,
,urn:cite2:hmt:msA.v1:192v,,
,urn:cite2:hmt:msA.v1:193r,,
,urn:cite2:hmt:msA.v1:193v,,
,urn:cite2:hmt:msA.v1:194r,,
,urn:cite2:hmt:msA.v1:194v,,
,urn:cite2:hmt:msA.v1:195r,,
,urn:cite2:hmt:msA.v1:195v,,
,urn:cite2:hmt:msA.v1:196r,,
,urn:cite2:hmt:msA.v1:196v,,
,urn:cite2:hmt:msA.v1:197r,,
,urn:cite2:hmt:msA.v1:197v,,
,urn:cite2:hmt:msA.v1:198r,,
,urn:cite2:hmt:msA.v1:198v,,
,urn:cite2:hmt:msA.v1:199r,,
,urn:cite2:hmt:msA.v1:199v,,
,urn:cite2:hmt:msA.v1:200r,,
,urn:cite2:hmt:msA.v1:200v,,
,urn:cite2:hmt:msA.v1:201r,,
,urn:cite2:hmt:msA.v1:201v,,
,urn:cite2:hmt:msA.v1:202r,,
,urn:cite2:hmt:msA.v1:202v,,
,urn:cite2:hmt:msA.v1:203r,,
,urn:cite2:hmt:msA.v1:203v,,
,urn:cite2:hmt:msA.v1:204r,,
,urn:cite2:hmt:msA.v1:204v,,
,urn:cite2:hmt:msA.v1:205r,,
,urn:cite2:hmt:msA.v1:205v,,
,urn:cite2:hmt:msA.v1:206r,,
,urn:cite2:hmt:msA.v1:206v,,
,urn:cite2:hmt:msA.v1:207r,,
,urn:cite2:hmt:msA.v1:207v,,
,urn:cite2:hmt:msA.v1:208r,,
,urn:cite2:hmt:msA.v1:208v,,
,urn:cite2:hmt:msA.v1:209r,,
,urn:cite2:hmt:msA.v1:209v,,
,urn:cite2:hmt:msA.v1:210r,,
,urn:cite2:hmt:msA.v1:210v,,
,urn:cite2:hmt:msA.v1:211r,,
,urn:cite2:hmt:msA.v1:211v,,
,urn:cite2:hmt:msA.v1:212r,,
,urn:cite2:hmt:msA.v1:212v,,
,urn:cite2:hmt:msA.v1:213r,,
,urn:cite2:hmt:msA.v1:213v,,
,urn:cite2:hmt:msA.v1:214r,,
,urn:cite2:hmt:msA.v1:214v,,
,urn:cite2:hmt:msA.v1:215r,,
,urn:cite2:hmt:msA.v1:215v,,
,urn:cite2:hmt:msA.v1:216r,,
,urn:cite2:hmt:msA.v1:216v,,
,urn:cite2:hmt:msA.v1:217r,,
,urn:cite2:hmt:msA.v1:217v,,
,urn:cite2:hmt:msA.v1:218r,,
,urn:cite2:hmt:msA.v1:218v,,
,urn:cite2:hmt:msA.v1:219r,,
,urn:cite2:hmt:msA.v1:219v,,
,urn:cite2:hmt:msA.v1:220r,,
,urn:cite2:hmt:msA.v1:220v,,
,urn:cite2:hmt:msA.v1:221r,,
,urn:cite2:hmt:msA.v1:221v,,
,urn:cite2:hmt:msA.v1:222r,,
,urn:cite2:hmt:msA.v1:222v,,
,urn:cite2:hmt:msA.v1:223r,,
,urn:cite2:hmt:msA.v1:223v,,
,urn:cite2:hmt:msA.v1:224r,,
,urn:cite2:hmt:msA.v1:224v,,
,urn:cite2:hmt:msA.v1:225r,,
,urn:cite2:hmt:msA.v1:225v,,
,urn:cite2:hmt:msA.v1:226r,,
,urn:cite2:hmt:msA.v1:226v,,
,urn:cite2:hmt:msA.v1:227r,,
,urn:cite2:hmt:msA.v1:227v,,
,urn:cite2:hmt:msA.v1:228r,,
,urn:cite2:hmt:msA.v1:228v,,
,urn:cite2:hmt:msA.v1:229r,,
,urn:cite2:hmt:msA.v1:229v,,
,urn:cite2:hmt:msA.v1:230r,,
,urn:cite2:hmt:msA.v1:230v,,
,urn:cite2:hmt:msA.v1:231r,,
,urn:cite2:hmt:msA.v1:231v,,
,urn:cite2:hmt:msA.v1:232r,,
,urn:cite2:hmt:msA.v1:232v,,
,urn:cite2:hmt:msA.v1:233r,,
,urn:cite2:hmt:msA.v1:233v,,
,urn:cite2:hmt:msA.v1:234r,,
,urn:cite2:hmt:msA.v1:234v,,
,urn:cite2:hmt:msA.v1:235r,,
,urn:cite2:hmt:msA.v1:235v,,
,urn:cite2:hmt:msA.v1:236r,,
,urn:cite2:hmt:msA.v1:236v,,
,urn:cite2:hmt:msA.v1:237r,,
,urn:cite2:hmt:msA.v1:237v,,
,urn:cite2:hmt:msA.v1:238r,,
,urn:cite2:hmt:msA.v1:238v,,
,urn:cite2:hmt:msA.v1:239r,,
,urn:cite2:hmt:msA.v1:239v,,
,urn:cite2:hmt:msA.v1:240r,,
,urn:cite2:hmt:msA.v1:240v,,
,urn:cite2:hmt:msA.v1:241r,,
,urn:cite2:hmt:msA.v1:241v,,
,urn:cite2:hmt:msA.v1:242r,,
,urn:cite2:hmt:msA.v1:242v,,
,urn:cite2:hmt:msA.v1:243r,,
,urn:cite2:hmt:msA.v1:243v,,
,urn:cite2:hmt:msA.v1:244r,,
,urn:cite2:hmt:msA.v1:244v,,
,urn:cite2:hmt:msA.v1:245r,,
,urn:cite2:hmt:msA.v1:245v,,
,urn:cite2:hmt:msA.v1:246r,,
,urn:cite2:hmt:msA.v1:246v,,
,urn:cite2:hmt:msA.v1:247r,,
,urn:cite2:hmt:msA.v1:247v,,
,urn:cite2:hmt:msA.v1:248r,,
,urn:cite2:hmt:msA.v1:248v,,
,urn:cite2:hmt:msA.v1:249r,,
,urn:cite2:hmt:msA.v1:249v,,
,urn:cite2:hmt:msA.v1:250r,,
,urn:cite2:hmt:msA.v1:250v,,
,urn:cite2:hmt:msA.v1:251r,,
,urn:cite2:hmt:msA.v1:251v,,
,urn:cite2:hmt:msA.v1:252r,,
,urn:cite2:hmt:msA.v1:252v,,
,urn:cite2:hmt:msA.v1:253r,,
,urn:cite2:hmt:msA.v1:253v,,
,urn:cite2:hmt:msA.v1:254r,,
,urn:cite2:hmt:msA.v1:254v,,
,urn:cite2:hmt:msA.v1:255r,,
,urn:cite2:hmt:msA.v1:255v,,
,urn:cite2:hmt:msA.v1:256r,,
,urn:cite2:hmt:msA.v1:256v,,
,urn:cite2:hmt:msA.v1:257r,,
,urn:cite2:hmt:msA.v1:257v,,
,urn:cite2:hmt:msA.v1:258r,,
,urn:cite2:hmt:msA.v1:258v,,
,urn:cite2:hmt:msA.v1:259r,,
,urn:cite2:hmt:msA.v1:259v,,
,urn:cite2:hmt:msA.v1:260r,,
,urn:cite2:hmt:msA.v1:260v,,
,urn:cite2:hmt:msA.v1:261r,,
,urn:cite2:hmt:msA.v1:261v,,
,urn:cite2:hmt:msA.v1:262r,,
,urn:cite2:hmt:msA.v1:262v,,
,urn:cite2:hmt:msA.v1:263r,,
,urn:cite2:hmt:msA.v1:263v,,
,urn:cite2:hmt:msA.v1:264r,,
,urn:cite2:hmt:msA.v1:264v,,
,urn:cite2:hmt:msA.v1:265r,,
,urn:cite2:hmt:msA.v1:265v,,
,urn:cite2:hmt:msA.v1:266r,,
,urn:cite2:hmt:msA.v1:266v,,
,urn:cite2:hmt:msA.v1:267r,,
,urn:cite2:hmt:msA.v1:267v,,
,urn:cite2:hmt:msA.v1:268r,,
,urn:cite2:hmt:msA.v1:268v,,
,urn:cite2:hmt:msA.v1:269r,,
,urn:cite2:hmt:msA.v1:269v,,
✅,urn:cite2:hmt:msA.v1:270r,NS,3/25/2022
✅,urn:cite2:hmt:msA.v1:270v,NS,3/25/2022
,urn:cite2:hmt:msA.v1:271r,,
,urn:cite2:hmt:msA.v1:271v,,
❌,urn:cite2:hmt:msA.v1:272r,NS,3/25/2022
❌,urn:cite2:hmt:msA.v1:272v,NS,3/25/2022
❌,urn:cite2:hmt:msA.v1:273r,NS,3/25/2022
❌,urn:cite2:hmt:msA.v1:273v,NS,3/25/2022
❌,urn:cite2:hmt:msA.v1:274r,NS,3/25/2022
❌,urn:cite2:hmt:msA.v1:274v,NS,3/25/2022
❌,urn:cite2:hmt:msA.v1:275r,NS,3/25/2022
❌,urn:cite2:hmt:msA.v1:275v,NS,3/25/2022
❌,urn:cite2:hmt:msA.v1:276r,NS,3/25/2022
❌,urn:cite2:hmt:msA.v1:276v,NS,3/25/2022
❌,urn:cite2:hmt:msA.v1:277r,NS,3/25/2022
❌,urn:cite2:hmt:msA.v1:277v,NS,3/25/2022
❌,urn:cite2:hmt:msA.v1:278r,NS,3/25/2022
❌,urn:cite2:hmt:msA.v1:278v,NS,3/25/2022
❌,urn:cite2:hmt:msA.v1:279r,NS,3/25/2022
❌,urn:cite2:hmt:msA.v1:279v,NS,3/25/2022
❌,urn:cite2:hmt:msA.v1:280r,NS,3/25/2022
❌,urn:cite2:hmt:msA.v1:280v,NS,3/25/2022
❌,urn:cite2:hmt:msA.v1:281r,NS,3/25/2022
❌,urn:cite2:hmt:msA.v1:281v,NS,3/25/2022
,urn:cite2:hmt:msA.v1:282r,,
,urn:cite2:hmt:msA.v1:282v,,
,urn:cite2:hmt:msA.v1:283r,,
,urn:cite2:hmt:msA.v1:283v,,
,urn:cite2:hmt:msA.v1:284r,,
,urn:cite2:hmt:msA.v1:284v,,
,urn:cite2:hmt:msA.v1:285r,,
,urn:cite2:hmt:msA.v1:285v,,
,urn:cite2:hmt:msA.v1:286r,,
,urn:cite2:hmt:msA.v1:286v,,
,urn:cite2:hmt:msA.v1:287r,,
,urn:cite2:hmt:msA.v1:287v,,
,urn:cite2:hmt:msA.v1:288r,,
,urn:cite2:hmt:msA.v1:288v,,
,urn:cite2:hmt:msA.v1:289r,,
,urn:cite2:hmt:msA.v1:289v,,
,urn:cite2:hmt:msA.v1:290r,,
,urn:cite2:hmt:msA.v1:290v,,
,urn:cite2:hmt:msA.v1:291r,,
,urn:cite2:hmt:msA.v1:291v,,
,urn:cite2:hmt:msA.v1:292r,,
,urn:cite2:hmt:msA.v1:292v,,
,urn:cite2:hmt:msA.v1:293r,,
,urn:cite2:hmt:msA.v1:293v,,
,urn:cite2:hmt:msA.v1:294r,,
,urn:cite2:hmt:msA.v1:294v,,
,urn:cite2:hmt:msA.v1:295r,,
,urn:cite2:hmt:msA.v1:295v,,
,urn:cite2:hmt:msA.v1:296r,,
,urn:cite2:hmt:msA.v1:296v,,
,urn:cite2:hmt:msA.v1:297r,,
,urn:cite2:hmt:msA.v1:297v,,
,urn:cite2:hmt:msA.v1:298r,,
,urn:cite2:hmt:msA.v1:298v,,
,urn:cite2:hmt:msA.v1:299r,,
,urn:cite2:hmt:msA.v1:299v,,
,urn:cite2:hmt:msA.v1:300r,,
,urn:cite2:hmt:msA.v1:300v,,
,urn:cite2:hmt:msA.v1:301r,,
,urn:cite2:hmt:msA.v1:301v,,
,urn:cite2:hmt:msA.v1:302r,,
,urn:cite2:hmt:msA.v1:302v,,
,urn:cite2:hmt:msA.v1:303r,,
,urn:cite2:hmt:msA.v1:303v,,
,urn:cite2:hmt:msA.v1:304r,,
,urn:cite2:hmt:msA.v1:304v,,
,urn:cite2:hmt:msA.v1:305r,,
,urn:cite2:hmt:msA.v1:305v,,
,urn:cite2:hmt:msA.v1:306r,,
,urn:cite2:hmt:msA.v1:306v,,
,urn:cite2:hmt:msA.v1:307r,,
,urn:cite2:hmt:msA.v1:307v,,
,urn:cite2:hmt:msA.v1:308r,,
,urn:cite2:hmt:msA.v1:308v,,
,urn:cite2:hmt:msA.v1:309r,,
,urn:cite2:hmt:msA.v1:309v,,
,urn:cite2:hmt:msA.v1:310r,,
,urn:cite2:hmt:msA.v1:310v,,
,urn:cite2:hmt:msA.v1:311r,,
,urn:cite2:hmt:msA.v1:311v,,
,urn:cite2:hmt:msA.v1:312r,,
,urn:cite2:hmt:msA.v1:312v,,
,urn:cite2:hmt:msA.v1:313r,,
,urn:cite2:hmt:msA.v1:313v,,
,urn:cite2:hmt:msA.v1:314r,,
,urn:cite2:hmt:msA.v1:314v,,
,urn:cite2:hmt:msA.v1:315r,,
,urn:cite2:hmt:msA.v1:315v,,
,urn:cite2:hmt:msA.v1:316r,,
,urn:cite2:hmt:msA.v1:316v,,
,urn:cite2:hmt:msA.v1:317r,,
,urn:cite2:hmt:msA.v1:317v,,
,urn:cite2:hmt:msA.v1:318r,,
,urn:cite2:hmt:msA.v1:318v,,
,urn:cite2:hmt:msA.v1:319r,,
,urn:cite2:hmt:msA.v1:319v,,
,urn:cite2:hmt:msA.v1:320r,,
,urn:cite2:hmt:msA.v1:320v,,
,urn:cite2:hmt:msA.v1:321r,,
,urn:cite2:hmt:msA.v1:321v,,
,urn:cite2:hmt:msA.v1:322r,,
,urn:cite2:hmt:msA.v1:322v,,
,urn:cite2:hmt:msA.v1:323r,,
,urn:cite2:hmt:msA.v1:323v,,
,urn:cite2:hmt:msA.v1:324r,,
,urn:cite2:hmt:msA.v1:324v,,
,urn:cite2:hmt:msA.v1:325r,,
,urn:cite2:hmt:msA.v1:325v,,
,urn:cite2:hmt:msA.v1:326r,,
,urn:cite2:hmt:msA.v1:326v,,
✅,urn:cite2:hmt:msA.v1:327r,NS,03/25/2022
✅,urn:cite2:hmt:msA.v1:327v,NS,03/24/2022
